Account;`__`cb_`a6;DE;a`_d___0;;DE41210500001001430126;HSHNDEHH;HCOB;KEBICS01;;;;EUR;7999999901;;Y;N;;;2021-09-24T10:24;
ProvisionAgreement;`__`cb_`a6;DE;a`_d___0;;KEBICS01;;2021-09-24T10:24;
Account;`__`cb_`d4;DE;a`_d___0;;DE61210500001001430154;HSHNDEHH;HCOB;KEBICS02;;;;EUR;7999999848;;Y;N;;;2021-09-24T10:24;
ProvisionAgreement;`__`cb_`d4;DE;a`_d___0;;KEBICS02;;2021-09-24T10:24;
Account;`__`cb_``0;DE;a`_d___0;;DE85210500001001430110;HSHNDEHH;HCOB;KEBICS03;;;;EUR;7999999912;;Y;N;;;2021-09-24T10:24;
ProvisionAgreement;`__`cb_``0;DE;a`_d___0;;KEBICS03;;2021-09-24T10:24;
Account;`__`cb_`c8;DE;a`_d___0;;DE29210500001001430148;HSHNDEHH;HCOB;KEBICS04;;;;EUR;7999999847;;Y;N;;;2021-09-24T10:24;
ProvisionAgreement;`__`cb_`c8;DE;a`_d___0;;KEBICS04;;2021-09-24T10:24;
Account;`__`cb_`b2;DE;a`_d___0;;DE73210500001001430132;HSHNDEHH;HCOB;KEBICS05;;;;EUR;7999999948;;Y;N;;;2021-09-24T10:24;
ProvisionAgreement;`__`cb_`b2;DE;a`_d___0;;KEBICS05;;2021-09-24T10:24;
Account;`a___fc_f6;DE;a`_d___0;;DE53210500001200074076;HSHNDEHH;HCOB;KEBICS04;;;;USD;7999999847;;Y;N;;;2021-09-24T10:24;
ProvisionAgreement;`a___fc_f6;DE;a`_d___0;;KEBICS04;;2021-09-24T10:24;
Account;`a___fc_g2;DE;a`_d___0;;DE85210500001200074082;HSHNDEHH;HCOB;KEBICS04;;;;USD;7999999847;;Y;N;;;2021-09-24T10:24;
ProvisionAgreement;`a___fc_g2;DE;a`_d___0;;KEBICS04;;2021-09-24T10:24;
Account;`a___fc_h8;DE;a`_d___0;;DE41210500001200074098;HSHNDEHH;HCOB;KEBICS06;;;;USD;7999999849;;Y;N;;;2021-09-24T10:24;
ProvisionAgreement;`a___fc_h8;DE;a`_d___0;;KEBICS06;;2021-09-24T10:24;
